{"count":1,"self":4536.8946688,"total":13458.373047899999,"children":{"InitializeActuators":{"count":1,"self":0.0015145999999999998,"total":0.0015145999999999998,"children":null},"InitializeSensors":{"count":1,"self":0.0015795,"total":0.0015795,"children":null},"AgentSendState":{"count":9971804,"self":14.2480704,"total":645.9989949,"children":{"CollectObservations":{"count":1994361,"self":6.5861399999999994,"total":6.5861399,"children":null},"WriteActionMask":{"count":1994361,"self":1.2242742,"total":1.2242742,"children":null},"RequestDecision":{"count":1994361,"self":7.5200352,"total":623.9405102,"children":{"AgentInfo.ToProto":{"count":1994361,"self":9.6682208,"total":616.420475,"children":{"GenerateSensorData":{"count":1994361,"self":606.752256,"total":606.7522543,"children":null}}}}}}},"DecideAction":{"count":9971804,"self":8132.7218687999994,"total":8132.7215311,"children":null},"AgentAct":{"count":9971804,"self":131.67801599999999,"total":142.75469719999998,"children":{"AgentInfo.ToProto":{"count":29219,"self":0.13927409999999998,"total":11.076675,"children":{"GenerateSensorData":{"count":29219,"self":10.937400799999999,"total":10.9374009,"children":null}}}}}},"gauges":{"HandAgent.CumulativeReward":{"count":29219,"max":19.58654,"min":-1.99328959,"runningAverage":-0.298813224,"value":2.85978317,"weightedAverage":4.03248024}},"metadata":{"timer_format_version":"0.1.0","start_time_seconds":"1756838716","unity_version":"6000.0.40f1","command_line_arguments":"C:\\Program Files\\Unity\\Hub\\Editor\\6000.0.40f1\\Editor\\Unity.exe -projectpath D:\\Code\\Unity\\unity6_Agent_Hummingbird -acceptSoftwareTermsForThisRunOnly -useHub -hubIPC -cloudEnvironment production","communication_protocol_version":"1.5.0","com.unity.ml-agents_version":"3.0.0","scene_name":"Hand","end_time_seconds":"1756852174"}}