{"count":1,"self":3608.7885824,"total":7956.2923642,"children":{"InitializeActuators":{"count":8,"self":0.000503,"total":0.000503,"children":null},"InitializeSensors":{"count":8,"self":0.0015094,"total":0.0015094,"children":null},"AgentSendState":{"count":3125652,"self":146.4336256,"total":209.0988521,"children":{"CollectObservations":{"count":5001048,"self":11.558941599999999,"total":11.558941599999999,"children":null},"WriteActionMask":{"count":5001048,"self":0.9506485,"total":0.9506485,"children":null},"RequestDecision":{"count":5001048,"self":7.5625567999999994,"total":50.155640999999996,"children":{"AgentInfo.ToProto":{"count":5001048,"self":5.1994039999999995,"total":42.593083899999996,"children":{"GenerateSensorData":{"count":5001048,"self":31.523248,"total":37.3936801,"children":{"RayPerceptionSensor.Perceive":{"count":15003144,"self":5.870432,"total":5.8704320999999995,"children":null}}}}}}}}},"DecideAction":{"count":3125652,"self":4086.6828287999997,"total":4086.6829583999997,"children":null},"AgentAct":{"count":3125652,"self":51.6579712,"total":51.7188732,"children":{"AgentInfo.ToProto":{"count":5000,"self":0.0090448,"total":0.060903,"children":{"GenerateSensorData":{"count":5000,"self":0.045832899999999996,"total":0.0518582,"children":{"RayPerceptionSensor.Perceive":{"count":15000,"self":0.0060253,"total":0.0060253,"children":null}}}}}}}},"gauges":{"Hummingbird.CumulativeReward":{"count":5000,"max":70.1552353,"min":-44,"runningAverage":38.3290443,"value":56.98645,"weightedAverage":47.1090546}},"metadata":{"timer_format_version":"0.1.0","start_time_seconds":"1755364305","unity_version":"6000.0.40f1","command_line_arguments":"C:\\Program Files\\Unity\\Hub\\Editor\\6000.0.40f1\\Editor\\Unity.exe -projectpath D:\\Code\\Unity\\unity6_Agent_Hummingbird -useHub -hubIPC -cloudEnvironment production","communication_protocol_version":"1.5.0","com.unity.ml-agents_version":"3.0.0","scene_name":"Training","end_time_seconds":"1755372261"}}